sentence	label
please share this one pallies httpAddress	1
httpAddress in a #nepalearthquake like situation nothing except satellite based handheld amp ; portable devices work to communicate ready ??	0
rt usrId so many after httpAddress people are still out of httpAddress hospital situation is too httpAddress #nepal #earthquake	1
rt usrId nepal earthquake report the rescue and recovery work is continuing after the devastating 7.8 on httpAddress httpAddress	1
rt usrId uk will deploy D usrId chinook helicopters to help supplies amp ; people travel quickly to and from #nepals re	1
this is nuts httpAddress	0
rt usrId police in nepal reporting DD have now died in the #nepalearthquake httpAddress	1
rt usrId wait ? there was a devastating earthquake in nepal with over 4 00 estimated dead ? at least cnn knows it s important that	1
israel sends delegation to nepal jerusalem afp israel was sending a delegation to nepal to determine httpAddress httpAddress	1
rt usrId we re providing an additional 9 million in assistance for the #nepalquake emergency response httpAddress httpAddress	1
#nepalearthquake how to help #donate to international red httpAddress ifrc usrId .. via usrId fundraiser httpAddress	1
un launches nepal earthquake appeal httpAddress	1
usrId rt mother amp ; sons r missing in httpAddress ph no 9815914687 mother s no 009779803658023 do spread it a f httpAddress	1
nepal map #nepalmap nepal earthquake devastation in maps and images update ontario can oshawa httpAddress httpAddress	0
earthquake survivors in nepal urgently need httpAddress make an emergency donation to usrId httpAddress #nepalearthquake via usrId	1
rt usrId to support the response to #nepalquake contact the redcross or redcrescent in your country or donate through us at httpAddress	1
rt usrId death toll from devastating #nepalearthquake now tops httpAddress approx 6 00 httpAddress simply httpAddress	1
httpAddress httpAddress	0
rt usrId our monthly #charity dress down day is httpAddress we will be raising money for the #nepalearthquake httpAddress	1
rt usrId on cm usrId directives team to leave today to assist back states people from quake hit httpAddress new delhi bas	1
my sincere condolences for your loss #nepal and #india ! #pak #govt and #pakarmy #airforce ready to take part in rescue operation #bigheart	1
DD #ndrf national disaster response force teams form #india ready to be deployed in httpAddress	1
rt usrId please donate for kathmandu httpAddress nepal earthquake relief fund https httpAddresshttpAddresst . cohttpAddressvdfnjxjbdi usrId usrId usrId	1
studios scrutinize disaster film marketing in wake of nepal los angeles ap in light of the nepal httpAddress httpAddress	1
rt usrId praying for victims of the earthquake in httpAddress httpAddress help usrId raise relief money by donating here httpAddress	1
nepal collecting donations in kind collecte de dons en nature httpAddress httpAddress	1
we are asking for anyone s help to try and locate or provide information about httpAddress hogg who was at one of the base camps in httpAddress	1
rt usrId #indiawithnepal more details on india s relief and rescue efforts to nepal under #operationmaitri httpAddress	1
sushmaswaraj pl rt indian embassy in #kathmandu #kathmanduquake helplines httpAddress 977 9851107021 9851135141	1
rt usrId lucknow up government sends DD trucks carrying relief material to the affected in #nepalearthquake httpAddress	1
nepal quake ngo report had warned of damage cited population growth httpAddress via usrId #nepal #ngo	0
rt usrId #msu students painted the rock in honor of nepal amp ; raised funds to aid earthquake httpAddress httpAddress turner httpAddress	1
our hearts amp ; prayers out to our friends in httpAddress httpAddress	0
rt usrId join jack in supporting #nepalearthquake relief and recovery httpAddress please consider making a donation today httpAddress	1
rt usrId httpAddress #nepal nepal villages cut off by earthquake wait for aid as death toll passes DD nepal vi httpAddress	1
httpAddress retweet especially to the nepali folks working httpAddress	1
rt usrId #nepal #struggles to #recover the httpAddress httpAddress	1
wholeheartedly we support f b #prayfornepal httpAddress	1
rt usrId rushing to nepal to help may be a bad idea ; stay put and donate money instead httpAddress httpAddress	1
rt usrId calling all doctors on my tl . team moving within a week to nepal for relief httpAddress please revert if you want to join in . rt to	1
c 130 aircraft leaves for kathmandu to rescue DD pakistanis .	1
#openfollow singapore prepares to send 55 man search and rescue team to nepal the straits times httpAddress #singapore	1
hope everyone emerge unharmed #nepalearthquake #nepalquake	1
as v cozy up D call it a night lets not Dget D pray D d 1D00 souls whc lost thr lives amp ; d thousands othr rendered httpAddress #nepalearthquake	1
#nepalearthquake #helplines for those searching httpAddress httpAddress	1
video shows drone footage of damage to katmandu httpAddress	0
let us pull together for httpAddress unbelievable devastation and airport runway is very httpAddress please give to a good charity for these people	0
british archeologist terrified after narrowly escaping death in nepal earthquake httpAddress httpAddress	1
international rescue teams on their way to nepal httpAddress #casper #cheyenne #denver #billings #rapidcity #seattle #jackson	1
rt usrId please don t donate money to any news channel or ngo to help httpAddress wait D appropriate link usrId provide	1
httpAddress gt ; gt ; nepal s landmarks before and after quake gt ; gt ; httpAddress	0
uk aid leaves for nepal on raf plane an raf flight carrying uk aid and british army gurkhas is flying to httpAddress httpAddress	1
if a man feels he was born as the wrong gender that s fine but making headlines before nepal s need for aid really shows how stupid we are	1
rt usrId #nepalearthquake emergency why digital #humanitarian response matters amp ; how you can httpAddress httpAddress usrId httpAddress	1
rt usrId people of #nepal urgently need clean water shelter amp ; medical httpAddress donate httpAddress #nepalquake httpAddress	1
rt usrId live updates dss volunters r ready to help to nepal aftr devastating quake usrId #msghelpearthquakevictims htt	1
rt usrId lets keep our thoughts and prayers to our fellow human beings who are in httpAddress they need all the support they can get at a t	1
hope that 200 odd #communityradio stations are helping out with the #nepalearthquake fm stations are usually last man standing	1
thought amp ; httpAddress httpAddress	1
keeping nepal and baltimore in prayer tonight #hestheprinceofpeace #hisheartisforeveryone	1
pray for httpAddress	1
rt usrId what a great show of httpAddress #belfast stands together in vigil for victims of #nepalearthquake httpAddress http	1
rt usrId appreciate d initiative taken by usrId to help nepal this is what makes a nation httpAddress our moral authority g	1
one of my #colleague s #home in #nepal after the httpAddress his #family is currently living in a httpAddress	0
rt usrId really proud of the indian govt amp ; indian air force for their all out support to nepal at this hour of grief and httpAddress #n	1
nepal earthquake nine new zealanders still unaccounted for httpAddress via usrId	1
tragedy in nepal reminded my of going to everest base camp with this guy chris i filmed lots of this ! httpAddress	1
usrId you in nepal ??	1
our all nations stand with nepal and indians #nepalearthquake	1
hearts out to httpAddress	1
rt usrId #google #facebook join red cross to find thousands missing after nepal quake httpAddress httpAddress	1
20 00 rss workers have reached nepal	1
rt usrId #nepalearthquake give to tcpi s emergency relief httpAddress 100 goes to the httpAddress #tcpinepal httpAddress http	1
rt usrId took stock of the evacuation of those stranded in httpAddress also took stock of provision of relief supplies amp ; material to af	1
httpAddress looking for #volunteers to translate #nepalese or #bhasa for httpAddress email httpAddress	1
my god httpAddress	0
oh my god httpAddress	0
usrId cody walter 6 4 tall #canadian hiking in #langtang near tibetan httpAddress #nepalearthquake #help httpAddress	1
total httpAddress hit by severe shaking in #nepal with moderate to heavy damage likely httpAddress people httpAddress	0
#nepal needs our httpAddress please consider joining us in donating to usrId httpAddress via usrId	1
rt usrId f e for the people of httpAddress	1
rt usrId urgent online support for #nepal needed #mapping #gis skills necessary httpAddress spread the word #nepalearthqua	1
rsaf planes evacuate DD sporeans prs from kathmandu todayonline httpAddress	1
int l aid groups rush to reach nepal quake victims paris afp international aid groups rushed to respond httpAddress httpAddress	1
thousands flee kathmandu as india steps up relief efforts in nepal the number of deaths in saturday s httpAddress httpAddress	1
rt usrId many people killed and injured in powerful quake in nepal scores of people have been killed and many injured .. httpAddress	1
rt usrId residents queue up at usrId relief camp in quake ravaged httpAddress DD people provided aid in this httpAddress httpAddress	1
rt usrId death toll in #nepalearthquake crosses httpAddress over DD injured #kathmanduquake #avalanche #indiawithnepal	1
rt usrId rss 2nd senior most functionary dattatreya hosable personally supervising relief operations in httpAddress httpAddress	1
rt usrId very heavy httpAddress our thoughts and prayers with families in nepal impacted by httpAddress help us httpAddress link httpAddress	1
rt usrId rt usaid usrId we ve activated a usrId urban search amp ; rescue team to deploy httpAddress dart to help in #nepaleart	1
rt usrId catching up on the httpAddress the vids amp ; photos of the aftermath of #nepalearthquake is httpAddress they need our help htt	1
pray for nepal #rightnow #prayfornepal httpAddress	1
usrId hi sir httpAddress please me share httpAddress httpAddress	0
rt usrId these are the moments when you fear your own httpAddress you stay away from it . it s a very strange httpAddress #nepalearhquake #kathm	1
rt usrId india has demonstrated its global leadership in recent weeks 1st in yemen amp ; now in httpAddress we re grateful us envoy httpAddress	1
#prayers go out to the victims and family of #nepal	1
rt usrId if you wish to donate for #nepalearthquake you can do so through prime ministers relief fund or through httpAddress	1
aerial images show quake damage httpAddress	0
rt usrId have you been thinking about how to help the earthquake victims in nepal ? here s one httpAddress	1
in post quake aid rush nepal neighbors jockey for position washington post httpAddress in httpAddress	1
please share ! httpAddress	1
photo #supportnepal in this time of httpAddress #prayfornepal to give them httpAddress #himalaya httpAddress httpAddress	1
think of nepal over DD daed my by more that isnot climate change its natur whatis next not even mother nature can help that how it is	1
#nepal #earthquake #2015 #facebook #safety #check #allows #users #to #confirm well being httpAddress	1
rt usrId extremely heart wrecking to learn that more than DD people are dead in nepal httpAddress their souls rest in peace #earthquake	1
rt usrId we ll also have donation boxes in httpAddress you can give to usrId for the #nepalearthquake here httpAddress	1
nepal will rise again httpAddress	1
rt usrId my heart breaks for the people of nepal	1
rt usrId wiltshire rescue team heads to site of nepal earthquake expert volunteer rescuers from wiltshire rescue httpAddress http	1
this nepal earthquake survivor was buried for DD hours before being rescued httpAddress	1
rt usrId my son has been found alive and is ok ! he and all of the other monks and guru are ok ! #nepalearthquake	1
rt usrId there are 40 00 gorkha soldiers in #indianarmy amp ; httpAddress lakh retired gorkha regiment soldiers in #nepal #ne	1
nepal #earthquake looks very httpAddress they ll recover httpAddress	1
buy this usrId album all funds raised support the red cross relief fund for victims of the nepal earthquake httpAddress	1
rt usrId my birthday is tomorrow and people in nepal need a gift more than i do please read this and donate httpAddress	1
usrId what affects one affects httpAddress #withyoualltheway #nepalearthquake #staystrongnepal #nepal	1
rt usrId #breaking #update death toll of #nepalearthquake updated to 1 832 says nepals home httpAddress httpAddress	1
rt usrId thoughts and prayers going out to the people of nepal f 4 httpAddress	1
rt usrId shiromani gurudwara prabandhak commitie will send DD food packets from today to #nepal #indiawithnepal httpAddress	1
tragic events #prayfornepal httpAddress	1
rt usrId thinking of all in #nepalquake	1
phone lines are down electricity is out roads are blocked #do #uddhavtimilsina #gorkhadistrict #nepal	0
rt usrId usrId spread the word ! nepal earthquake fundraising event ! bank holiday mon 4th may 1 3pm free kids drop in ! htt	1
rt usrId #nepalquake we will assess the devastating impact on nepals cultural heritage #worldheritage httpAddress httpAddress	0
rt usrId in support to the population impacted by the recent earthquake in nepal we have decided to offer free calls to nepal for th	1
rt usrId all usrId members and exchange participants are safe after the nepal httpAddress you can donate to charities here httpAddress	1
rescuers struggle to reach villages as death toll from nepal #earthquake hits 3 600 httpAddress httpAddress	1
usrId i must say we are quite lucky coz gorkha and villages nearby are adversely httpAddress has been lost and roads httpAddress	0
rt usrId thousands of nepal earthquake survivors need our httpAddress donate now and facebook will match your httpAddress httpAddress	1
rt usrId we ve closed the #loveroflife contest due to massive earthquake in nepal and httpAddress we pray for the well being of affecte	1
rt usrId my heart is broken over the loss of DD people in nepal death of freddie gray beheading of coptic christians n httpAddress w	1
#nepalearthquake terrible httpAddress	1
rt usrId more powerful magnitude 6.7 aftershock rattles kathmandu area of nepal a day after devastating earthquake httpAddress	0
rt usrId roads are so damaged in nepal it took a cnn crew two hours to go DD miles a major challenge for rescue and aid httpAddress	0
rt usrId usrId before and after photos of nepal show the effect of a deadly earthquake httpAddress	0
rt usrId httpAddress recovered and still DD are httpAddress furthermore isis is killing people every httpAddress yesterday i saw a photograph o	1
raffle tickets are being sold at #juiceit2015 to win a httpAddress proceeds will be going to #nepalquakerelief httpAddress	1
rt usrId the elca is already responding for the people of httpAddress read more httpAddress httpAddress #elca	1
rt usrId over DD volunteers tracing thousands of kms of mountain roads and trails for nepal right now on httpAddress #nepa	1
a picture of despair emerges in nepal a nation in economic disarray well before an quake httpAddress httpAddress httpAddress	0
just saw what happened in httpAddress my love and prayers go out to the people who didn t survive and their httpAddress #prayingfornepal f f	1
earthquake levels nepals beautiful historic buildings httpAddress #occupy #ows #occupywallstreet #occupyhq #grassroots #usa #	0
rt usrId usrId thanks for ur prayers ! we really need it atm #my #country #my #pride #my # nepal f c	1
rt usrId looking for a way to do something for survivors of #nepalquake ? join my friends usrId amp ; give lifesaving httpAddress xo httpAddress	1
praying for httpAddress #prayfornepal #godblessusall	1
ham radio attempts to fill communication gaps in nepal rescue effort httpAddress #tcot	1
rt usrId miracles do happen ! baby pulled fr #quakenepal rubble httpAddress	1
rescue crew pulls survivor from rubble D days after nepal quake quake survivor drank urine while trapped in httpAddress	1
#teamyamita reporter s notebook grace and hope found amid the destruction of nepal httpAddress httpAddress unete a #teamyamita	1
photo house in nepal destroyed by earthquake usrId httpAddress	0
rt usrId indian pm narendra modi speaks to nepal pm sushil httpAddress offers all assistance for httpAddress india army air force on st	1
rt usrId #expressfrontpage #earthquake explained how bad is the damage ? how prepared was nepal ? httpAddress httpAddress	0
almost one million children in urgent need of aid after nepal earthquake httpAddress #jnj #globalmotherhood via usrId	1
massive disaster #nepalquake httpAddress	1
my small contribution to my country via httpAddress #indiawithnepal usrId usrId usrId usrId	1
httpAddress httpAddress	1
rt usrId list of banks in nepal that are httpAddress #nepalquakerelief #nepalquake usrId httpAddress	0
rt usrId big #earthquake reported in #nepal usrId team in country holding emergency meeting to assess httpAddress	1
rt usrId dan fredinburg an engineer at google died on mount everest during the avalanche caused by the earthquake in nepal httpAddress	1
rt usrId amazing story of survival rescuers find baby buried under rubble in nepal for DD hrs alive httpAddress httpAddress	1
condolences go out D u httpAddress all r wid u httpAddress hs alwys bn amp ; wl b our gd httpAddress rdy to hlp u guys as said by our pm usrId	1
rt usrId 3 700 people dead is absolutely devastating for a country that is the size of oklahoma on the httpAddress #nepal	1
rt usrId can somebody suggest me a group or charity who can help us ; we are trying to help as much as we can from abroad ! #nepalquake	1
never ending peace and love #nepalearthquake httpAddress	1
let s pray for httpAddress	1
rt usrId nepal update insights zur abreise unseres srk teams nach #katmandu #nepal #nepalquake #redcrescent httpAddress	1
rt usrId missing raisaa tashnova talked to mom on day of nepal httpAddress hasn t been heard from since httpAddress httpAddress	1
DD dead bodies found in #everest base camp #earthquake #nepal	1
rt usrId we ve just launched a 50m appeal to get more lifesaving aid to children amp ; families affected by #nepalearthquake httpAddress	1
aircraft taking of from sthlm this morning to nepal w tents medical food water etc #teliasonera #ncell #nepal httpAddress	1
rt usrId ubisoft s far cry dev team will donate up to 100 00 to support relief efforts in httpAddress httpAddress httpAddress	1
organo gold D ways to make sure your nepal donations really help the victims time httpAddress httpAddress	1
rt usrId 4 26 15 nepals hospitals swamped as quake toll passes 2 400 thousands injured #reuters httpAddress http	1
a full truckload relief materials despatched to chhatri ganv dadhing of nepal by all lions clubs of birganj httpAddress httpAddress	1
httpAddress httpAddress	1
join us as we pray for httpAddress httpAddress	1
rt usrId my heartfelt condolences to the families who have lost their dear and near ones in the earthquake today in india and n	1
rip to the google executive #danfredinburg killed in the everest avalanche after #nepalearthquake #prayfornepal	1
horrible news to wake up to . #prayfornepal	1
breaks my httpAddress 4 httpAddress	0
rt usrId #nepal is a very poor country facing its worst #earthquake in httpAddress they desperately need your help httpAddress #donate httpAddress	1
frightful images ! our prayers echo for everyone httpAddress #earthquake #indiawithnepal httpAddress	1
my prayers are with all who are suffering #nepalearthquake	1
rt usrId canada s c17 to arrive in #nepal httpAddress bringing aid in . taking canadians httpAddress httpAddress	1
rescuers help injured residents to get to safe area #nepalquake #humanity httpAddress	1
thoughts and prayers going out to residents of kathmandu and those affected by the quake in nepal httpAddress	1
rt usrId uk dog teams at delhi whilst on route to nepal httpAddress	1
our deeply condolences to nepal s lost and disaster #nepalearthquake	1
rt usrId massive earthquake below nepal at least DD fatalities so far expect to rise further httpAddress httpAddress	1
rt usrId this is why i love httpAddress people here help one another because they know the govt often cant usrId httpAddress	1
pray for #nepal c b	1
done httpAddress	1
rt usrId historic #dharahara tower built in DD collapses in #kathmandu after quake httpAddress	0
it s been more than DD hours httpAddress i wonder how many of the trapped people are alive in the nepal earthquake	1
httpAddress quake strikes kathmandu toppling homes famed ancient temples the japan times httpAddress	0
rt usrId chinese leaders send condolences to nepal over quake rescue team on the httpAddress #nepalquake httpAddress httpAddress	1
video of a hotel pool during httpAddress what an incredible amount of force httpAddress	0
rt usrId astaghfirullah heartbreaking photos from httpAddress may allah save the victims of httpAddress ameen usrId httpAddress	1
rt usrId if a soldier says he is not afraid of death he is either lying or he is a httpAddress long live httpAddress httpAddress	1
rt usrId nawaz sharif calls pm modi appreciates india s rescue efforts in nepal httpAddress	1
a deep condolence towards peoples of nepal and india who lost their lives in httpAddress may god gives strengthen to their httpAddress	1
httpAddress #nepalearthquake	1
rt usrId #nepal what has happened is unfortunate beautiful country now on its knees #nepalearthquake #nepalquake #nepalquaker	1
rt usrId brilliant effort by doctors for survivors in httpAddress consult them online if you have internet httpAddress httpAddress	1
rt usrId an indian in nepal says ramdev disappeared in the night without httpAddress that is his httpAddress ok . did he escape in salwar ?	1
rt usrId devastating update from ministry of home affairs on httpAddress death toll 5 057 injured 10 915 internally displac	1
nepal facing problems due to network failure says former pm chand business standard news httpAddress #indiawithnepal	0
rt usrId gen dalbir singh coas conveys his heartfelt condolences to the people of nepal and assures full and speedy assistance in this h	1
rt usrId #nepalearthquake indian air force transport and helicopter assets are on standby for any task given by the httpAddress	1
rt usrId eight bodies recovered from everest after avalanche triggered by nepal #earthquake say authorities httpAddress	1
rt usrId heres how you can help those affected by the httpAddress donate now httpAddress httpAddress	1
rt usrId kathmandu httpAddress the welcome sign reduced to httpAddress httpAddress	0
you guys u know you have 10 in your bank httpAddress this is the best way to spend it . text give nepal to httpAddress httpAddress	1
the popular tower of nepal named dhardhara tower fell because of the httpAddress	0
lool what if i told you that praying won t help nepal s situation	1
rt ostrov a #israel #nepal #israel sent DD people to #nepalquake medical aid workers search amp ; rescue people httpAddress	1
i wish i can get tasked to help out with the rescue in httpAddress here in qatar praying for the families and httpAddress #nepalearthquake	1
rt usrId we can do our little duty to help the earthquake victims in #nepal gt ; httpAddress	1
#earthquake one c 17 globemaster ii will fly from hindan to kathmandu carrying rapid reaction aero medical httpAddress usrId	1
bbc news nepal earthquake more than DD dead many injured httpAddress	1
rt usrId D boxes of mineral water bottles httpAddress anyone needs please call . in ktm valley 977 DD #kathmandu #nepalquakere	1
rt usrId us pastor tony miano suggests nepalis should not rebuild their pagan shrines httpAddress bright example of p	1
seven tourists from assam feared dead in nepal seven tourists from assam are feared dead in the massive httpAddress httpAddress	1
new jersey woman among nepal earthquake victims nbc new york httpAddress #newyork	1
chpsre rtlastquake rt sa 96 20 imsahilbhalla the historic #dharhara tower in #nepal has collapsed due to the httpAddress	0
arsenal official support the nepal earthquake appeal httpAddress #afc #arsenal	1
rt usrId my heart going out to the people of nepal right now so sad e e	1
if you guys have a second say a prayer for usrId havent heard from him but he is out in nepal in the area of this httpAddress	1
you cannot even imagine the psychological impact #nepalearthquake has had on us . it s not httpAddress stop international media propooganda !	1
rt usrId access to clean water is now critical in httpAddress together we can save lives httpAddress #nepalearthquake ht	1
rt usrId unicef is one of your best bets where international disaster relief is concerned httpAddress send money	1
allah must hear this !! httpAddress	1
local restaurant accepting donations for #nepal #earthquake httpAddress	1
around DD rescued from mount everest after earthquake says nepal tourism ministry around DD people have been rescued from the httpAddress	1
rt usrId #nepal how to help a list of top rated charities working on relief after quake httpAddress usrId usrId	1
earthquake hit nepal at high risk of landslides in coming weeks study the threat of landslides and httpAddress httpAddress	0
rt usrId thank you for donating praying amp ; sharing our #nepalearthquake messages every dollar prayer amp ; tweet helps ! httpAddress	1
sign up this petition to ask banks to waive transfer fee to #nepal httpAddress #nepalearthquake	1
rt usrId so proud of usrId stepping up for httpAddress safe travels for courtney scaife md and residents usrId	1
rt usrId best story ever 4 month old baby survives 24 hrs under rubble in httpAddress nepal army httpAddress httpAddress httpAddress	1
rt usrId just got to know that some of the relief material sent from sikkim to nepal was taxed by nepal customs ! why ?? #nepalqua	1
it s official know #indiawithnepal . rescue teams from india have reached nepal usrId rss not far behind #presstitutes can complain .	1
rt usrId DD people found dead after a devastating 7.8 magnitude earthquake hits nepal httpAddress	1
uk tour operator confirms one client dead in #nepal #earthquake httpAddress via usrId	1
rt usrId rt usrId #nepalearthquake c 130j carrying stranded indians has landed at palam a short while httpAddress	1
this is going to be a difficult night for httpAddress i hope no big after shocks but still any small movement will create httpAddress	1
nepal s brother nd sister dont worry #indiawithnepal	1
soo so sad !! httpAddress	1
rt usrId #nepalquake our #familylinks website is in #nepali httpAddress register if a relative is httpAddress please retweet httpAddress	1
rt usrId looks serene from usrId but my thoughts are still with the people affected by the httpAddress httpAddress	1
this is golden ! httpAddress	1
rt usrId visit httpAddress to donate towards the #nepalquake my frd usrId is leaving D nepal in 5days will m	1
care in kathmandu walls are broken down ppl are httpAddress strong httpAddress #nepalquake httpAddress spokesppl available	0
just httpAddress anyone else ? httpAddress	1
rt usrId if you would like to make a donation toward disaster relief in nepal you can do so through httpAddress httpAddress	1
nepal earthquake toll could reach 10 00 government on war footing pm sushil koirala the death toll in httpAddress httpAddress	1
thank god that my dearest friend s family and friends in nepal are safe and doing httpAddress let s pray httpAddress	1
uk tour operator confirms one client dead in #nepal #earthquake httpAddress via usrId	1
people in kathmandu stay safe	1
i hope kusum survived ! httpAddress	0
at least 2 263 people dead in the httpAddress my heart goes out to their families and the people of nepal	1
httpAddress be there for those in httpAddress help the victims of the enormous earthquake in httpAddress	1
pray for nepal #nepalearthquake 5 a httpAddress	1
rt usrId my deepest prayers for the people of httpAddress may god almighty protect httpAddress have some nepalese friends httpAddress can t get thr	1
rt usrId demi dedicated nightingale to the victims in nepal #demiworldtour	1
when the fucking distance matters httpAddress	1
rt usrId hf ready to send medical team and survival kits to httpAddress pls donate to our disaster fund at httpAddress h	1
rt usrId the far cry dev teams are raising funds for usrId relief efforts in httpAddress learn how you can help here httpAddress	1
usrId remains a beautiful place and always protected them god their country will rise from httpAddress amiin c #prayfornepal	1
rt usrId httpAddress aftershock is very httpAddress people should stay clear of structures httpAddress even minimal damage #nepalearthquake httpAddress	0
rt usrId if you can t make it into an #oxfam shop you can donate D to #nepalearthquake appeal by texting emergency to httpAddress	1
suwalpratistha sources have told that it ll be big earthquake back on D p.m strongly ! hope u r safe httpAddress #prayers #nepalearthquake	1
rt usrId #nepalearthquake iaf continues to evacuate stranded people in nepal operation httpAddress httpAddress	1
the pointlessness of death n destruction httpAddress man does not kill man nature httpAddress about httpAddress god	1
massive earthquake in nepal kills over 1 800 httpAddress	1
rt usrId #nepalquake death toll DD and DD casuallties in kathmandu httpAddress httpAddress httpAddress	1
rt usrId looking for phone number of transport companies in httpAddress need to deliver aid to gorkha httpAddress please send if	1
usrId usrId usrId usrId yes maisha #prayfornepal	1
rt usrId refuses to stop raining in httpAddress people still sleeping in httpAddress desperate requirement of httpAddress do help if you httpAddress http	1
rt usrId t945 pls share n spread the contact numbers for nepal helplines . #earthquake usrId usrId usrId #rt httpAddress	1
my heart aches and aches and aches httpAddress	0
latest news india evacuates DD foreigners from nepal httpAddress	1
rt usrId #india preparing for big #earthquake fantastic #disasterrelief role in httpAddress #spain seeks #india help D rescue of	1
new death toll from nepal quake passes 2 100 as aftershocks terrorize capital httpAddress	1
rt usrId pakistan stands with nepal in times of httpAddress pm ns sent special planes carrying relief goods as soon as kathmandu airpor	1
#enews #endtimesnews rescuers on D el al jets heading for nepal sunday the return flight httpAddress httpAddress via usrId	1
rip to the ones who died in the nepal httpAddress #prayfornepal 6 6	1
my prayers for the people in #nepal please send positive thoughts and prayers with me . httpAddress	1
rt usrId shiromani gurudwara prabandhak commitie will send DD food packets from today to #nepal #indiawithnepal httpAddress	1
rt usrId israeli american and canadian specialty teams dispatched to aid victims of httpAddress #militarymonday httpAddress	1
#nepalquake #nepalearthquake usrId usrId usrId usrId usrId day D pics from kathmandu httpAddress	0
what happened in nepal is heartbreaking	1
again another jolt #nepalearthquake	1
rt usrId httpAddress sophia bush s ex dan fredinburg died following the nepal earthquake today httpAddress httpAddress	1
rt usrId pakistan sending D aircraft carrying a 30 bed field hospital 2 00 meals beds and tents #nepalquake usrId ht	1
rt usrId dr. gupta helps with quake victim s surgery ; patients pour in httpAddress #nepalquake on cnn homepage httpAddress	1
rt usrId he formed u he made u he will rescue you in jesus s name amen #prayfornepal httpAddress	1
dot earth blog long predicted death toll in nepal earthquake reflects wider himalayan seismic risk httpAddress	1
rt usrId reading up on it and watching the httpAddress thoughts are with the families that have lost loved ones #nepalearthquake	1
rt usrId life is so httpAddress may allah be wid d families who hav lost their loved 1s in nepal n httpAddress httpAddress	1
httpAddress such a horrible tragedy #prayfornepal	1
how to help nepal D vetted charities doing relief work following the earthquake httpAddress	1
rt usrId nepal s government is only gradually getting a grasp of destruction in the worst hit villages httpAddress	0
update 1 us sending disaster team initial 1 million to nepal kerry reuters httpAddress	1
rt usrId to help those affected by the devastating earthquake in nepal text donate5 to DD and give 5 . thank you usrId	1
rt usrId ciaa is with govt amp ; ppl in humanitarian mission of rescue relief to share relieve httpAddress caused by #nepalquake http	1
rt usrId i m gonna donate to help the children affected by the httpAddress support unicef s relief efforts too here httpAddress	1
rt usrId pm ns telephoned his nepalese counter part and expresed deep sorrows over loss of humanity due to earthquake in nepal ht	1
httpAddress why ? httpAddress	1
rt usrId breaking death toll from nepal earthquake surpasses 1 800 over 4 700 injured home ministry #nepalearthquake httpAddress	1
important message for u.s residents httpAddress	1
rt usrId artofliving volunteers on blood amp ; food donation httpAddress centres are now shelters for httpAddress #nepalquake httpAddress	1
hello dear brothers and sisters httpAddress pray for nepal httpAddress	1
thank you httpAddress httpAddress	1
rt usrId httpAddress nepal quake affected D million people across httpAddress more than 1.4 million are in need of food httpAddress httpAddress	1
heartbreaking httpAddress nepal	1
who was gajendra singh ? today no news boz of earthquake in httpAddress this is india . we forget eveything in D days till useful for us	1
rt usrId we cannot eat bibles nepal tells #soulvultures httpAddress	1
so sad such devastation httpAddress	1
rt usrId donate online to help children in nepal at httpAddress other donation channels at httpAddress h	1
rt usrId deeply saddened by the tragedy that has happened in httpAddress my prayers and thoughts r with you all in this time of grief	1
rt usrId we are very grateful to usrId followers amp ; all our great supporters who are responding to #nepalearthquake httpAddress	1
#nepalearthquake an il 76 httpAddress of iaf will leave at DD hr for kathmandu from bhatinda carrying ndrf teams usrId usrId usrId	1
thousands queue up outside kathmandu airport in hope of way out httpAddress	1
rt usrId oh allah please guide the people of nepal in this time of httpAddress please make dua for them amp ; spread this hash tag #all	1
rt usrId just arrived in kathmandu to help with usrId relief httpAddress flew in with many search and rescue httpAddress #nepalquake http	1
nepal earthquake at least DD feared dead as 7.8 magnitude earthquake	1
devastated by the news from httpAddress my thoughts are with everyone httpAddress	1
rt usrId vadodara gujarat students express their solidarity with nepal offer prayers for the victims of httpAddress httpAddress	1
be strong nepalese ! #prayfornepal spark the fire httpAddress	1
whatever you re doing httpAddress don t just hashtag pray for nepal or baltimore stop what you re doing and actually httpAddress #liftitup	1
rt usrId my colleague usrId has offered to send engineers and equipment to restore the power grids in nepal	1
check accountability then donate for quake hit nepal manisha httpAddress click here gt ; httpAddress httpAddress	1
tourist are at street today morning in thamel httpAddress #nepal #kathmandu #thamel httpAddress	1
the death toll from the httpAddress earthquake amp ; aftershocks rose above 3 700 according to a nepal police httpAddress	1
rt usrId after DD hours rishi khanal is pulled out alive from underneath fallen floors httpAddress #nepalearthquake http	1
rt usrId help make it happen for nepal earthquake relief fund worst affected areas on usrId httpAddress	1
please pray for our brothers and sisters from httpAddress	1
rt usrId DD dead DD injured is latest nepal earthquake toll per home ministry	1
rt usrId nepal quake hundreds dead history httpAddress from usrId usrId httpAddress	1
rt usrId pray for nepal pray for baltimore pray for the homeless people sleeping DD feet away from you pray for a change in the	1
rt usrId breaking due to problems with the landing in kathmandu httpAddress #idf rescue teams will be delayed in israel for another	1
rt usrId #prayfornepal httpAddress httpAddress por httpAddress usrId usrId usrId httpAddress	1
strong earthquake hits #nepal s capital of #kathmandu reports of houses damaged	0
rt usrId httpAddress #nepalearthquake nepal earthquake see india s rescue operations in quake devastated nepal news s	1
other than the drastic loss of human lives #nepal lost some of its source of income with the destroyed monuments #nepalearthquake	0
rt usrId help our friends help others #nepalearthquake httpAddress	1
nepal quake toll crosses 400 ; many still feared trapped httpAddress	1
rt usrId good news family of missing israeli gets word hes ok httpAddress #nepalquake #israelinnepal usrId	1
rt usrId almost 1m children need httpAddress is there and is responding in httpAddress txt child to DD to donate D httpAddress	1
a cama worker is en route to #nepal please pray that his flight will be able to httpAddress	1
when i see pictures from #nepal it looks like best tool for moving bldg debris of rocks amp ; bricks is by hand they need gloves for rescuers !	0
usrId why can t china a stinking rich country nepal s neighbour send money aid httpAddress what about the red amry helping out eh ?	1
a httpAddress i ll keep you in my httpAddress #nepalearthquake	1
rt usrId httpAddress rt great primer from usrId on how to help and stay informed on #nepalquake httpAddress usrId usrId	1
rt usrId would someone please volunteer to collate all tweets fb posts by missionaries after #nepalearthquake ? this is a special	1
rt usrId #bsnl and #mtnl decide to charge local rates for calls made to nepal for next three days	1
phil s mission to help nepal quake victims httpAddress	1
usrId usrId we are praying for httpAddress involved !	1
rt usrId #nepalearthquake 144 can provide clean drinking water for DD httpAddress please donate now httpAddress http	1
rt usrId let s pray for minimum life loss in #nepalearthquake .	1
#nepalearthquake thoughts and prayers pour in httpAddress	1
rt usrId god help nepal f	1
httpAddress rt usrId villages near nepal earthquakes epicenter are desperate as death toll tops 4 00 httpAddress	1
rt usrId please donate to help earthquake victims any little bit counts #prayfornepal f d httpAddress	1
rt usrId more than DD people killed in powerful nepal earthquake say government officials and police usrId httpAddress	1
rt usrId local global context to why nepal s lost heritage sites more than just temples httpAddress by usrId htt	0
rt usrId india evacuates DD air 251 by land foreign httpAddress #sevaparmodharma httpAddress ht	1
rt usrId breaking news nepal pm says quake toll could be httpAddress watch moment of the httpAddress earthquake httpAddress	1
video nepal #earthquake kills dozens in india via usrId	1
rt usrId nepal earthquake relief efforts push near remote epicentre httpAddress	1
my thoughts and deepest sympathies go out to the victims of the #nepalquake	1
our wishes and support go out to those impacted by httpAddress httpAddress	1
little tuijan and her family have to live in a tent after httpAddress give now to help httpAddress httpAddress	1
rt usrId before and after of httpAddress pray for httpAddress #nepalquake #earthquake httpAddress	1
rt usrId nepal calamity is opportunity for western missionaries china aid pakistan httpAddress india must send large numbers of hindu h	1
rt usrId woman pulled alive from #nepalearthquake rubble after more than D days trapped alongside bodies in kathmandu httpAddress	1
usa steps up for disaster httpAddress bbcworld nepal quake relief drive intensifies httpAddress	1
quality sources for supporting relief efforts in #nepal httpAddress	1
before and after earthquake destroys kathmandus centuries old landmarks httpAddress via usrId	0
remind me of DD janvier 4 httpAddress	1
rt usrId after devastating #nepalearthquake nearly 1m children are in need of urgent httpAddress support our response here httpAddress	1
new nepal quake aid effort stepped up httpAddress	1
let s be strong to rebuild our identity ourselves httpAddress #prayfornepal #nepalearthquake	1
rt usrId #nepalquake india lends a helping hand also read helpline numbers httpAddress httpAddress	1
usrId hope this helps seems to be passable httpAddress	0
nepal httpAddress deathtoll rises to 3 729 #nepalearthquake #prayfornepal earthquake	1
usrId just launched google person finder httpAddress ht usrId	1
httpAddress our brothers #neighbours in httpAddress httpAddress	1
praying for the victims to get relief very httpAddress #nepal #earthquake	1
israel to fly premature surrogate babies out of nepal by helicopters israel news ynetnews httpAddress	1
so baltimore riots and 4 00 people died in nepal httpAddress	1
thoughts go to all those affected httpAddress	1
i hope everyone in nepal is ok and safe f b	1
so devastating the amount of deaths in nepal due to the earthquake 4 5 #prayfornepal	1
rt usrId damage in nepal is httpAddress it will take long to recover out of this httpAddress	0
rt usrId big d b usrId for refunding 100 fare 9w266 kathmandu we are donating this amount to usrId #nepalearthquake	1
rt usrId a powerful earthquake has hit httpAddress oxfam is httpAddress we urgently need your help to provide clean water amp ; httpAddress httpAddress	1
devastated by the news about the #nepalquake httpAddress and httpAddress usrId	1
rt usrId my parents are in nepal catherine and jean louis lassez please help find them ! #nepal #redcross #nepalearthquake httpAddress	1
usrId ya httpAddress even i felt httpAddress if all people contribute whatever they can we all can help the people of httpAddress proud of my httpAddress	1
plz rt httpAddress	1
#everest more than DD climbers stuck in camp D and camp D awaiting httpAddress #nepalquake #nepalearthquake	1
prayers going out to httpAddress	1
no war yet destruction #nepal #earthquake httpAddress	1
rt usrId operation maitri relief and rescue in httpAddress team of indian army doctors are helping relentlessly day httpAddress httpAddress	1
pray for nepal usrId rt httpAddress	1
rt usrId boundary wall of kathmandu airport damaged in #nepalearthquake httpAddress	0
rt usrId over DD people died in the nepal earthquake but no one seems to care about that right now	1
an earthquake engineer s first look at the buildings that collapsed in httpAddress httpAddress via usrId	0
rt usrId truly awful httpAddress kathmandu s darbar square a unesco world heritage site in ruins after today s httpAddress httpAddress	0
rt usrId as the brave people of #nepal work to rebuild and recover here s what the us is doing and how you can help httpAddress	1
rt usrId our hearts and prayers go out to everyone in nepal and the other countries affected by the httpAddress god bless you a	1
usrId thanks rv for whatever you did to nepal	1
nepal earthquake relief mission welcomes donations httpAddress #changepenang	1
streets of nepal speak of the calamity #nepalearthquake httpAddress	0
rt usrId the situation in nepal is httpAddress if you re able to please give to the dec appeal httpAddress #nepalqu	1
nepal s earthquake survivors are struggling to mourn the dead former verge reporter greg sandoval has .. httpAddress usrId	1
oh no 400 ! let me not be consumed with my tiny httpAddress httpAddress	0
around 50 00 pregnant women affected from quake in nepal un	1
rt usrId 4 00 lives httpAddress lord in your mercy hear our httpAddress #nepalearthquake	1
rt usrId visit httpAddress to learn more about what we re doing to assist those impacted in #nepal and how you can httpAddress	1
good morning pm usrId httpAddress i was trying to access pmnrf for donations towards httpAddress site is httpAddress	1
nearly DD indian pilgrims stranded in nepal usrId httpAddress	1
rt usrId a huge thank you to unicef goodwill ambassador yuna kim usrId for donating 100k to our #nepalearthquake appeal ! httpAddress	1
nepal quake death toll tops 4 00 as villages plead for aid as the death toll from nepal s devastating httpAddress httpAddress	1
rt usrId urgent medical treatment food amp ; water are being provided by usrId partners to survivors of the #nepalquake httpAddress	1
rt usrId pray for god s mercy and grace for the people of httpAddress may the #gospel be heard by every suffering httpAddress	1
rt usrId f let s #prayfornepal	1
prayers and thoughts for httpAddress #nepalquake	1
rt usrId xtian missionaries are coming to nepal more vultures to harvest souls #nepalearthquake usrId usrId httpAddress	1
rt usrId helping nepalis abroad aid their families at home dispatch by usrId via usrId #nepalearthquake httpAddress	1
maurice1charles rt reuters the death toll from #nepal s 7.9 magnitude earthquake has climbed to more than 3 700 httpAddress	1
so httpAddress another bitterly poor nation devastated by an overwhelming httpAddress httpAddress	1
rt usrId cs usrId we stand in solidarity with the government amp ; the people of nepal as they grapple with effect of th	1
ustpac sends our condolences to family and friends of #nepalquake httpAddress how to help in the relief effort usrId httpAddress	1
rt usrId #nepalquake ner clears more than DD evacuees ; more than DD zero value tickets issued to the needy httpAddress	1
earthquake update nepal quake death rises to DD	1
quake update kathmandu airport shut flights from india cancelled read here httpAddress httpAddress	0
it s been just over a year since my dad and i went to httpAddress it s sad to see a country which was developing so fast to lose so much life	1
rip those who have lost their life #nepalearthquake	1
so further details on friend on everest httpAddress he is stuck at camp 2 . most damage at base httpAddress path down httpAddress httpAddress	0
please don t donate 1 to any news channel or ngo to help httpAddress wait D appropriate link usrId httpAddress #indiawithnepal	1
pls help usrId usrId httpAddress	1
rt usrId word !! heisenjit ramdev in nepal helping httpAddress that s more of quality work than the people talking ill about him most o	1
worth appreciation !! httpAddress	1
moment nepal earthquake hit 20 photos httpAddress	0
rt usrId horrifying than a scifi movie #nepalearthquake #earthquake pray for the victims . httpAddress	1
god bless httpAddress let us pray for the victims of this httpAddress httpAddress	1
rt usrId flagging of by usrId of 25k food packets per day relief material amp ; starting free kitchen at #kathmanduquake http	1
tragedy httpAddress	1
rt usrId 15m allocation fm usrId means that critical life saving work can be scaled up immediately usrId #nepalquake httpAddress	1
nepal earthquake lok sabha members to donate a month s salary to prime minister s relief fund all lok sabha members who have httpAddress	1
rt usrId heart in #nepal httpAddress met wonderful people there D wks httpAddress i m giving to oxfam pls join me httpAddress httpAddress	1
s3 s should take a look at this .. httpAddress	1
the things we don t httpAddress like why earthquakes happen httpAddress httpAddress	1
some good news out of nepal httpAddress sharing a story from our friends at the usrId httpAddress	1
rt usrId scots climber stranded after everest avalanche faces race against time to get off mountain httpAddress httpAddress	1
rt usrId httpAddress nepal earthquake #nepalearthquake nepal earthquake death toll nears DD update england gbr wat	1
rt usrId heartbreaking to see the devastation in httpAddress	1
#nepalearthquake my deepest goes out to httpAddress	1
rt usrId my prayers go to all those people who have lost their loved ones and their homes due to the httpAddress we stand with yo	1
rtdnews at epicenter of nepal tragedy local church mission offers help httpAddress httpAddress #rva	0
pray for #nepal	1
rt usrId more than manpower search amp ; rescue teams are operating with their dogs to locate survivors in #nepal httpAddress	1
rt usrId keep nepal in your prayers httpAddress	1
out of DD houses only D houses are left at bharpak village httpAddress until now only DD victims have httpAddress httpAddress	0
massive relief is on it s way from #india to httpAddress DD teams are ready to be httpAddress one aircraft already on its httpAddress	1
rt usrId my prayers go out to nepal	1
rt usrId httpAddress please keep us o lord httpAddress my httpAddress httpAddress httpAddress httpAddress . usrId httpAddress	1
rt usrId #nepalearthquake indian railways is supplying railneer bottles everyday usrId usrId usrId httpAddress	1
rt usrId proud to hear usrId has extended support amp ; is sending relief to nepal with the urgency that a situation like this	1
#indiawithnepal truly and resolutely !	1
how to donate to nepal earthquake relief efforts through itunes facebook and more httpAddress	1
five videos that captured the #nepalearthquake aftershocks and damage httpAddress httpAddress	0
says #prayfornepal httpAddress	1
rt usrId president usrId to pm usrId today your leadership in this hour are reassuring to people of nepal amp ; people o	1
rt usrId httpAddress usrId bottles to httpAddress httpAddress indian httpAddress has reach nepal amp ; bihar to help the surv	1
rt usrId httpAddress breaking news at least DD missing in mount everest including many httpAddress #nepalearthquake	1
rt usrId kathmandu airport closed following 7.8 httpAddress challenge to get to people trapped by collapsed buildings as darkness	0
prayers to the families wrecked in nepal httpAddress . #google started to search people httpAddress . httpAddress httpAddress	1
amitabh bachchan horrid to see destruction of nepal s heritage buildings our prayers go out for nepal and httpAddress httpAddress	1
save the children staff worked hard to deliver aid on day D of #nepalquake active response httpAddress httpAddress	1
rt usrId it is very shocking very unfortunate that hundreds of people fell victim to this natural calamity in nepal ram madhav bjp	1
pranksters record first DD minutes of deadly nepal earthquake on saturday the nepali pranksters were httpAddress httpAddress	0
more and more httpAddress #pleasegodnomorepain #kathmanduquake #nepalearthquake	1
wesner michel ; rescuers pull survivor from rubble D days after nepal quake abc news firstpostrescuers pull .. httpAddress	1
an avalanche has buried part of mt . everest basecamp after nepal quake D white people are reported httpAddress nature is a bitch shem !	1
rt usrId you can pray for nepal or you can actually do something by contributing to relief efforts httpAddress	1
latest delhi govt to send food packets drinking water to nepal zee news ndtvdelhi govt to httpAddress httpAddress #indiannews	1
rt usrId just gave out a huge pile of clothes for #nepalearthquake please #donate whatever you can	1
#nepal relief httpAddress #cbf partners with trusted local agencies and field personnel already working there httpAddress	1
my heartfelt condolences to all the nepali families which are affected by the earthquake #nepalearthquake #pakstandswithnepal	1
rt usrId confused ? what #medicines to arrange for medical teams in #earthquake #rescue ? here is one . #nepalquake httpAddress	1
techbytes tech giants lend a hand after nepal earthquake disaster abc news httpAddress #technology	1
rt usrId india assisted in evacuation of DD nationals frm DD countries frm nepal via commrcial amp ; iaf aircraft usrId h	1
making a difference rakesh panthi gofundraise httpAddress	1
peaceful use of drone httpAddress video showing bird s eye view of nepal httpAddress httpAddress via usrId	0
help sherpas help #nepal httpAddress #outdoornews #adventuregear #crowdrise #kathmandu #sherpa	1
rt usrId my heart goes out to everyone suffering from the nepal httpAddress god please bring peace to all that you httpAddress f	1
rt usrId my prayers with all in nepal . hope the earthquake does not leave too many httpAddress prayers w nepal	1
rt usrId help usrId reach children in httpAddress donate to support the #nepalearthquake appeal httpAddress httpAddress	1
i always make a point to visit the patan museum durbar sq when i m in httpAddress it saddens me now to think that it would never be the same now	1
#nepal very sad news	1
rt usrId ciaa family has contributed a small bit to the victims of #nepalearthquake by providing aid of rs 12 847 850 seemore ; http	1
aid with httpAddress aftermath of nepal s earthquake exposes asia s geopolitical fault lines httpAddress	1
rt usrId breaking death toll in #nepal after #earthquake stands at 597 spokesman for nepal s ministry of home affairs httpAddress httpAddress	1
rt usrId sending blessings to #nepal httpAddress life is fragile	1
rt usrId some 70 00 houses estimated to be destroyed and 530 00 damaged during the #nepalquake httpAddress httpAddress	0
heartbreaking #nepal	1
please retweet ! clean water for nepal ! follow this link httpAddress #mondaymotivation #nepalquake httpAddress	1
rt usrId alhamdhu lillah our students in nepal are back safe amp ; httpAddress thank u president foreign minister amp ; tourism httpAddress htt	1
rt usrId #prayfornepal over 2 00 people httpAddress pray for jordan httpAddress	1
kudos to the #indiangovernment and #indianarmy for great deed in httpAddress	1
this tiny baby in nepal was miraculously rescued from rubble and survived the earthquake by natashanoman httpAddress via usrId	1
rt usrId prayers for nepal and her httpAddress may allah shower his blessings and bring everything back to normality httpAddress httpAddress	1
f e f e f e e how tragic httpAddress	1
rt usrId firefighters from #chester amp ; #winsford fly to nepal to help with earthquake rescue mission httpAddress httpAddress	1
rt usrId your one rt may can help some one to locate amp ; find dear one guys httpAddress httpAddress	1
rt usrId one way you can help #nepal right now all you need is a computer and a little time httpAddress	1
fashion designer usrId is httpAddress #nepalquake non action is not an option httpAddress httpAddress	1
how httpAddress httpAddress	1
arizonanewsnet rt secureusatalk #nepalearthquake DD arizona doctors trapped in a hut near everest base camp any info on this please rt	1
thx buddy mom safe in kathmandu tennis updates usrId hope everyone is okay and always stay strong in this tough moment httpAddress	1
donate to help usrId get emergency supplies to families hit by #nepal #earthquake httpAddress	1
god no more earthquake httpAddress	1
rt usrId full marks to usrId usrId usrId for stepping in with urgency and humaneness #nepalearthquake	1
rt usrId nepal police nepal army nepali doctors and nurses nepali people ntc radio nepal our backbone ! thank you for all your effort	1
year DD amp ; DD tectonic hazards responses to the nepal earthquake us to send disaster response team and 1m in aid httpAddress	1
sega games donating two million yen plus dlc revenues in four games to nepal earthquake recovery httpAddress	1
usrId seriously your man of action not httpAddress of httpAddress for helping #nepal	1
rt usrId in this horrible situation in nepal our god usrId can help pita ji they really need your simpathy #msghelpearth	1
rt usrId here s usrId in durbar sq which is now a pile of httpAddress you can donate here httpAddress httpAddress	1
rt usrId usrId almost DD people died in httpAddress do something to help	1
rt usrId the campaign of relief mterial dstrbution wl b strtd by usrId follwrs vry soon in nepal D hlp the victms #msghe	1
rt usrId the latest on nepal life slowly returns to normal in kathmandu ; villages still cut off httpAddress	0
rt usrId anyone here who can guide us how we can help people in #nepalquakerelief at this time when they have been struck by a g	1
rt usrId nepal earthquake india s first c 130j superhercules rescue aircraft lands in nepal httpAddress	1
rt usrId and please pray for httpAddress #prayersfornepal f	1
rt usrId our hearts go out to those affected by the httpAddress please donate at httpAddress to support relief	1
the utterly amazing joanna lumley is heading up the httpAddress text dec to DD to donate 5 . #nepalquake httpAddress	1
humanity in httpAddress it is httpAddress #ethics #nepalearthquake httpAddress	1
rt usrId it s so sad how we have kids here from nepal school is about to end in a couple days and they have no family nor house to g	1
rt usrId the idf field hospital established in kathmandu is the biggest ever built by the israeli httpAddress channel 2 httpAddress	0
this week i have lost my grandmother amp ; my httpAddress we can get nate home safe so i don t have to loose a 3rd family httpAddress #nepalearthquake	1
#nepalearthquake tribhuvan httpAddress arprt #kathmandu closed D operations flights diverted but run way n safe condition httpAddress	0
kathmandu airport shut down following 7.9 magnitude earthquake read full story of kathmandu airport shut httpAddress httpAddress	0
rt usrId officials are trying to contact with up to DD irish citizens in nepal which has been hit with strong aftershocks http	1
rt usrId #nepalearthquake update D flights have returned from ktm with stranded httpAddress ten flights planned for day with personnel a	1
nepal earthquake unconfirmed reports non uk resident british national killed foreign office is looking into unconfirmed reports a httpAddress	1
usrId great work guys #proud #indians #indiawithnepal	1
india sends rail neer water to quake hit nepal indian railways which produces its own packaged drinking httpAddress httpAddress	1
httpAddress aftershock hits nepal after quake kills 2 500 a strong earthquake aftershock struck india and httpAddress httpAddress	1
rt usrId little food less optimism in kathmandu tent city the sprawling tent city in kathmandu s ratna park feels httpAddress httpAddress	1
stay strong ! #nepal #earthquake	1
rt usrId blessings up to those in nepal right httpAddress this is a straight up httpAddress	1
dozens of hikers stranded on mt . httpAddress hiking trails have been wiped out so they have no way to hike off the mountain in httpAddress #fox35	0
rt usrId httpAddress #nepal facebook google and other tech firms aid in nepal earthquake relief DD	1
nepal quake kathmandu in dire need of aid httpAddress #changepenang #changepenang	1
lets all pray for the victims in #nepalearthquake they didnt deserve that kind of tragedy	1
rt usrId prayers are with the people of nepal who got affected by httpAddress #pakstandswithnepal	1
food processing minister appeals to processed food industry to donate packaged food for nepal earthquake victims httpAddress	1
oh my httpAddress httpAddress	0
rt usrId httpAddress update we re hosting all usrId #nepalquake situation reports on #digitalhimalaya httpAddress to speed up	1
rt usrId we mourn httpAddress the people of nepal amp ; india in the aftermath of this terrible disaster amp ; offer our help amp ; our httpAddress httpAddress	1
forgive my poor geography but hope everyone s ok at the usrId marathon going on . hopefully you weren t close #nepalearthquake	1
rip #eathquake victims httpAddress	1
rt usrId some key principles that must inform all aid given to the victims and survivors of the #nepalearthquake httpAddress	1
drone video offers aerial perspective of nepal devastation httpAddress	0
usrId god save our country nepal absolute saddening amp ; heartbreaking #prayfornepal	1
rt usrId httpAddress people need food aid out of 8m affected by #nepalearthquake un says httpAddress httpAddress	1
#nepalearthquake its a national tragedy	1
woke up to the tragic news of the #nepal httpAddress my heart goes out to the massive city of kathmandu can t even look at the pictures	1
usrId usrId help the people of httpAddress they need us .	1
just received an email from httpAddress some french people missing in #langtangvalley #nepalearthquake . any info !! httpAddress	1
rt usrId #nepal a race against time to save people after the largest earthquake in more than DD years httpAddress httpAddress	1
pray #nepalquake	1
thoughts and prayers for those affected #nepalearthquake f	1
help rt my sister sydney schumacher is missing in #langtang #nepalearthquake info on the website httpAddress help	1
rt usrId latest nepal quake avalanche killed DD so far and DD mountaineers still reported missing at mount everest indian army o	1
rt usrId deadly earthquake nepal 2 083 fatalities so far new quake may make additional victims new avalanches on everest http	1
rt usrId quake toll rises in nepal as pope francis offers prayers for victims httpAddress httpAddress	1
rt usrId nepal fatalities are httpAddress death toll staggering help is needed ask your government to contact the un in your coun	1
ap reporter who landed in kathmandu found no one at the nepalese airport s control httpAddress just chaos over there httpAddress	0
more seriously if i have to pray for anything tonight it s httpAddress httpAddress dadmom are there so i m 200 sending my good wishes httpAddress	1
risky in the air it might just httpAddress risky on the ground #nepalearthquake #nowheretogo #praying for everyone suffering	1
rt usrId nepal to reopen routes up mount everest as early as next httpAddress at least DD people died there from httpAddress httpAddress	1
rt usrId #nepalquake live at least DD killed DD injured in earthquake in india httpAddress	1
be whisked away to the soiree en blanc ! the event will benefit the nepal red httpAddress httpAddress httpAddress	1
fears for foreigners missing in nepal earthquake as death toll soars	1
kathmandu earthquake leaves buildings in ruins as death toll rises video httpAddress	0
scary httpAddress	1
rt usrId it is with great regret that i extend my condolences to the government and people of #nepal to the victims httpAddress httpAddress	1
rt usrId #nepalearthquake unicef has prepositioned supplies including water amp ; nutrition supplies to reach affected children httpAddress	1
red cross aids in rescue efforts in nepal httpAddress	1
searching through rubble at patan durbar square after #kathmanduearthquake httpAddress	0
rt usrId mammoth relief operation on by india on second day in quake hit #nepalearthquake #proudonindianarmy httpAddress	1
#rip sad to continue to hear of the increasing death toll in such a beautiful place httpAddress	1
unicef sms appeal httpAddress via usrId please httpAddress text nepal to DD D	1
rt usrId we are sending blankets for #nepalquakerelief from httpAddress each blankets costs httpAddress to contribute contact 99802	1
#nepalquake more than DD killed the government declares three days of mourning rw	1
there s no httpAddress httpAddress	1
uk aid donations to nepal reach 15m httpAddress	1
so sad to hear about the many lives that have been taken due to the earthquake all my love amp ; prayers go out to everyone in nepal amp ; httpAddress	1
rt usrId my thoughts and prayers go out to those who lost their lives and have much to recover from as a result of the earthquake #n	1
rt usrId nepal httpAddress to oxfam christian aid plan international uk and the british red cross httpAddress canada httpAddress	1
massive #earthquake below #nepal at least DD fatalities so far economic losses 3 5 billion	1
if you want to donate for nepal relief work please donate to rss or pm relief httpAddress not any httpAddress #earthquake #nepal	1
mother earth doth protest far far too httpAddress #nepal	1
rt usrId aid groups knew a #nepalearthquake would be a httpAddress couldnt raise enough money to help httpAddress httpAddress	1
rt usrId nepal pics D hour httpAddress httpAddress httpAddress	1
singh is king httpAddress sikh groups to send twenty five thousand food packets every day to nepal from httpAddress #nepalearthquake	1
israel criticized for touting #nepal rescue while #gaza is still in ruins amp ; under blockade httpAddress httpAddress	0
rt usrId my friend amp ; former mozzer usrId was in nepal for the recent httpAddress she s raising money to help httpAddress	1
it s httpAddress httpAddress	1
#iran offers condolences to #nepal over deadly #quake httpAddress	1
un s usrId is appealing for httpAddress please rt #nepalquake httpAddress	1
rt usrId we are deploying a veterinary team to kathmandu urgently to treat injured #animals after #nepalearthquake httpAddress	1
israel sending aid teams to nepal after quake israel was sending a delegation to nepal saturday to determine .. httpAddress	1
helping httpAddress httpAddress	1
DD tourists from hyderabad and DD from guntur in httpAddress all httpAddress	1
may the one true god who goes by many names bless the people of httpAddress #jesus #allah #yahweh #brahma	1
deep condolence to nepalies httpAddress #nepalearthquake	1
nepal kathmandu a man walks through rubble of houses httpAddress httpAddress	0
the diocese of lancaster pope prays for victims of massive earthquake in nepal httpAddress	1
rt usrId httpAddress #salute2indianforces in their effort to rebuild hindu heart land nepal	0
rt usrId want to help #disasterresponse in #nepalearthquake ? donate to usrId	1
the nepal footage is httpAddress	1
extraordinary video of a turkish tourist of #nepalearthquake #kathmandu #nepal httpAddress httpAddress	0
my nation is crying today !! and even me .. !! my flag is bleeding today !! and even me #nepalquake httpAddress	1
hope the families of the bartleyan nepalese are doing httpAddress #prayfornepal	1
monday 5 00pm pt tina sciabica of usrId will be on usrId to talk about her ongoing help for httpAddress join us and please httpAddress	1
rt usrId watch man is pulled from nepal earthquake rubble after 80 hour ordeal httpAddress	1
rt usrId and she s httpAddress prayers are nice and all but nepal needs httpAddress as someone who comes from a place that constantly gets h	1
usrId ericsson response now on the ground in #nepal to support emergency and rescue httpAddress #technologyforgood	1
httpAddress the name of httpAddress you would be surprised to know that in the matter of a few days about DD people are httpAddress these viruses #nepal	1
amen ! httpAddress	1
praying #kathmanduquake usrId usrId usrId usrId usrId usrId usrId usrId httpAddress	1
rt usrId we are sending blankets for #nepalquakerelief from httpAddress each blankets costs httpAddress to contribute contact 99802	1
bollywood celebs pray for safety post nepal earthquake a strong earthquake measuring 7.9 on the richter scale rocked nepal at httpAddress am	1
rt usrId our reports show #nepalearthquake destruction including epicentre httpAddress amp ; httpAddress httpAddress	0
rt usrId thousands flee kathmandu as india steps up relief efforts in nepal DD developments httpAddress httpAddress	1
rt usrId for info on relief shelter in sankha park ringroad in ktm contact vishwaprakash pandit on DD #nepalquakerelief	1
rt usrId 1 500 bodies recovered ; an equal number said to be httpAddress #nepalearthquake httpAddress httpAddress	1
rt usrId chanyeol and sehun updated their instagram accounts to help for the community of httpAddress how to unlove these two ? 3 httpAddress	1
miraculously no one seriously hurt here by httpAddress on left u can see sheets people used to escape damaged house httpAddress	0
rt usrId golden temple will send 1 00 00 packets of meal per day to nepal everyday along with a few other gurudwara #respect http	1
rt usrId #breaking officials say the death toll from the massive #nepalearthquake has surpassed httpAddress httpAddress	1
rt usrId a httpAddress earthquake has struck nepal killing at least DD people httpAddress #nepalearthquake httpAddress	1
rt usrId httpAddress deploys a disaster assistance response team dart to nepal and provides 1 million in emergency assistance httpAddress	1
nepal earthquake death toll exceeds 1 500 rolling report httpAddress rolling coverage of developments in himalayan nation	1
until you are affected personally by a disaster you will not truly realize the harm it httpAddress i m so thankful my friend is alright #nepal	1
rt usrId death toll from #nepalearthquake jumps to 876 including DD from kathmandu valley police say httpAddress httpAddress	1
rt usrId federal gov t says it will match donations made to nepal earthquake relief fund	1
rt usrId #retweet #prayfornepal o god our help is in thy name relieve #nepal by granting them thy httpAddress let them know of thy p	1
rt usrId donate to nepal if you httpAddress disease usually follows earthquakes	1
rt usrId my prayers go out to dan s family and all those that lost someone today in httpAddress usrId you will be missed by ma	1
rt usrId prayers go to everyone in httpAddress f d almost DD people have been reported dead after a 7.8 magnitude earthquake hit nepal	1
rt usrId the day journalists decide to work in the nation s interest all our problems will be resolved modi said httpAddress	1
rt usrId according to usrId modi is helping nepal because there were DD gujrati httpAddress this women is worst then week old rott	1
pray for nepal	1
rt usrId nepal earthquake nearly DD people httpAddress my prayers for the people httpAddress httpAddress	1
if you want to help out we vouch for the usrId good work in httpAddress local most goes to nepalis httpAddress	1
very sad moment for nepal preying for them httpAddress save them	1
rt usrId how can you use maps to co ordinate #nepalquake relief httpAddress this is important please help httpAddress usrId	1
rt usrId in light of the tragic events in nepal all skype calls to landlines amp ; mobiles in amp ; out of nepal are httpAddress more httpAddress	1
rt usrId it s terrible in sankhu DD km from httpAddress many bodies still under httpAddress unstable buildings difficult to rescue http	1
rt usrId a 7.8 magnitude earthquake rocked nepal this morning claiming DD httpAddress the aftermath is httpAddress httpAddress	1
the real black httpAddress	1
us sending disaster team initial 1 million to nepal kerry read more httpAddress httpAddress	1
rt usrId taiwan rescue and medical team departs for quake hit nepal #nepalearthquake httpAddress httpAddress	1
#prayfornepal stay safe	1
ok can clint foundation help ? httpAddress	1
rt usrId please share earthquake helpline numbers #nepalearthquake #nepal #earthquake usrId httpAddress	1
death toll passes 4 400 amid nepal earthquake reports are circulating that entire villages have been leveled .. httpAddress	1
usrId usrId usrId usrId in indian embassy in nepal shud also help nepalese people with all assets amp ; resource	1
graphic photos over DD people dead DD injured as massive earthquake hits nepal httpAddress	1
httpAddress httpAddress at clifton beach in karachi people were swimming and they were swept by httpAddress at least DD bodies have been #nepal	1
socal firefighters on standby for possible nepal deployment los angeles news fox DD la kttv httpAddress	1
aerial footage from nepal reveals earthquake devastation httpAddress	0
i said a prayer that today would bring peace for the world and httpAddress peace and comfort to all those that need it . #baltimoreriots #nepal	1
rt usrId after the #nepalearthquake a necessary gesture of power ; 100 00 monks in prayer httpAddress	1
rt usrId firsthand account from aid worker with usrId in #nepal httpAddress httpAddress	1
usrId thank you ellen ! donating would help ! please support unicef relief effort httpAddress #nepalearthquake #nepal	1
rt usrId its so sad for the people of httpAddress your httpAddress can also join us httpAddress httpAddress	1
#nepalearthquake collapsed the monument building see photo httpAddress	0
just remained D out of DD hundred httpAddress #gorkha #barpak #muchowktar httpAddress httpAddress	0
usrId minor aftershocks bt no death atleast at #sinamangal #kathmandu we r here staring our broken premises httpAddress	0
#repost usrId with httpAddress for #nepal please consider this meditation httpAddress	1
god help them ! httpAddress	0
donating gabbar is back earnings for nepal not my call httpAddress click here gt ; httpAddress httpAddress	1
just watching the news about #nepalearthquake and the #avalanche #mounteverest so httpAddress	1
rt usrId please text nepal to DD to give D to usrId #nepal earthquake appeal t amp ; c httpAddress costs D service	1
rt usrId #nepalquake my family is stucked in tato paani in nepal name is aditya bhargava and sanjay bhargava mobi no 9779801122921	1
god have mercy httpAddress	0
at least DD portuguese identified in nepal httpAddress	1
rt usrId anyone sending emergency supplies to #nepalearthquake ? usrId pls let us know where amp ; when to send	1
rt usrId #breaking nearly D million children require urgent humanitarian assistance after #nepalearthquake httpAddress	1
D month old baby found alive after D days in nepal earthquake rubble adsbygoogle httpAddress httpAddress httpAddress	1
rt usrId pm netanyahu sent a letter to nepalese pm koirala saying israel was pained by the disaster that has befallen #nepal httpAddress	1
rt usrId rss appeals for nepal earthquake relief fund ; rss rescue works continues in nepal on day D httpAddress httpAddress	1
rt usrId don t forget you can #donate here to #nepalquakerelief it s really easy ! httpAddress	1
nepal brings back so much of beautiful moments to treasure and cherish . my prayers for the people for nepal	1
aid agencies prepare massive operations in quake hit nepal overview of aid operations httpAddress	1
nepal earthquake quick response to calamities helping neighbours priority says parrikar httpAddress #nationalnews zeenews	1
rt usrId i was just woken up to hear about httpAddress httpAddress my heart goes out to the httpAddress	1
everyone let s help out usrId httpAddress to donate httpAddress c	1
rt usrId usrId plz rt #missing usrId usrId #nepalquake #help httpAddress	1
first the earthquake and now the httpAddress #prayfornepal e 4	1
rt usrId seven ndrf teams are on standby for short notice airlifting for rescue and relief #nepalearthquake . exemplary work by nd	1
mukeshsinghani5 rt rachelhunterx 4 love thoughts amp ; prayers #nepal heartbreaking httpAddress	1
usrId please share text earthquake to DD to donate D to the relief effort in nepal #umbrella	1
.. and they need help from nepal httpAddress	1
usrId thank you for re tweeting a way to help the nepal quake httpAddress	1
rt usrId if you re trying to help nepal 1 . send cash not stuff 2 . look for local orgs not big int l brands 3 . prepare for futur	1
a four month old baby miraculously survived the #nepalearthquake was pulled httpAddress s fine nw salute to rescue httpAddress httpAddress	1
rt usrId more kudos to DD olympic champ usrId who gave 100k us to nepal relief httpAddress given lots of money over years httpAddress	1
rt usrId shubhamprabhakar front was last in httpAddress jr. frm school any info about him httpAddress contact httpAddress kindly rt . httpAddress	1
rt usrId my friend usrId is heading into nepal to him his fellow people show ur support anyway u can httpAddress	1
rt usrId thoughts and prayers for the people of nepal and everyone affected by today s tragic httpAddress hold onto your faith and stay str	1
latest pics by usrId #earthquake aftermath in httpAddress #nepalearthquake #indiawithnepal httpAddress	0
this is so httpAddress httpAddress	0
usrId sad day #prayfornepal	1
rt usrId a tragic incident like one in nepal today reminds you of the superior powers above httpAddress live your life with humility and love fo	1
givealittle help nepal donate now httpAddress	1
world helicopters evacuate #nepal #earth #quake victims mudslide increases suffering gorkha nepahelicopters httpAddress	1
rt usrId a woman breastfeeds her baby as she sits amongst the rubble of her house in #majuwa #kathmandu #nepalearthquake #aa http	0
rt usrId devastating earthquake in #nepal humanitarian relief and tackling poverty by oxfam s usrId httpAddress	1
on the way back to kathmandu so many ordinary nepali families and homes httpAddress httpAddress	0
felt the kathmandu earthquake here in httpAddress really httpAddress one wall and the ceiling collapsed on our httpAddress nobody got httpAddress	0
DD year old zachary sheridan from #adelaide is among D #australians missing following #nepalearthquake	1
my cousin just sent me these httpAddress entire bhaktpur durbar square is no more ! #kathmandu #earthquake httpAddress	0
india sends rail neer water to quake hit nepal httpAddress	1
rt usrId its more and more upsetting to get news on the nepal tragedy with every passing httpAddress	1
two days of earthquakes have set nepal s economy back by more than a decade quartz httpAddress	0
rt usrId britain to play a leading role in nepal aid and humanitarian operation says cobra chair httpAddress httpAddress	1
devastating earthquake hits nepal httpAddress #children usrId	1
family of missing ottawa hiker faye kennedy says she is alive but injured and airlifted to kathmandu no idea of extent of injuries usrId	1
rt usrId death count is above DD in nepal ! that s insane !! #prayersup	1
life is short and httpAddress mother nature have mercy #nepalearthquake	1
rt usrId thoughts with the victims and all those affected by the earthquake in httpAddress tragic httpAddress	1
rt usrId hahahaha teamtodiefor de gea tweeted to encourage donations to nepal and its just full of replies about a httpAddress ni	1
big tech companies provide help to disaster response efforts in nepal	1
what remains of #nepal s largest D6th century kasthamandap pagoda built from D tree usrId #nepalearthquake httpAddress	0
so so sad ! httpAddress	1
in real time #nepalearthquake india so sad .. bangladesh that wasn t no httpAddress	0
children are 40 of nepal s httpAddress send help if you can in any way that you httpAddress httpAddress	1
rt usrId startling images of destruction in #nepal after httpAddress httpAddress httpAddress httpAddress	0
rt usrId sa relief team en route to nepal gt ; gt ; httpAddress by usrId #nepalearthquake httpAddress	1
rescue team of pakistan army highly specialized for rescue during natural disasters sent to nepal #pakarmyreliefefforts	1
microsoft offers free skype calls in nepal facebook donates 2 million httpAddress	1
relieved to hear all staff at sabah #nepal safe amp ; httpAddress however much 0 to villages where many artisans live amp ; httpAddress	0
rt usrId #nepalquake this is the team heading to httpAddress ml httpAddress	1
perseverance and grace as nepal is turned upside down httpAddress	0
rt usrId #nepalquake latest nepalese dig for survivors as toll exceeds 2 200 httpAddress	1
rt usrId sending all the love to those affected by the 7.9 earthquake that hit nepal httpAddress #earthquake #nepalquake	1
rt usrId and above all we salute the resilience of our sisters amp ; brothers in nepal amp ; parts of india for their courage in the fac	1
rt usrId in sindhupalchok alone death reaches httpAddress 90 homes destroyed desperate wait for httpAddress httpAddress #nepale	1
rt usrId irony alert harper govt claims credit for actions of charities like red cross amp ; world httpAddress as they audit charities #n	1
rt usrId i m praying for the people who were affected by a 7.9 #earthquake in #kathmandu the pictures are really httpAddress httpAddress	1
praying for those in nepal e	1
usrId usrId my heart goes out to both the victims of nepal and lady httpAddress	1
president obama calls nepal s prime minister offers help with #earthquake recovery httpAddress	1
a good gesture would be if team usrId contributes their pay today for #nepalearthquake	1
#kathmandu s tribhuvan airport is currently closed due to httpAddress #nepal airspace httpAddress httpAddress via usrId	0
usrId appreciate your efforts #nepalearthquake	1
#money #news #top #b httpAddress quake hits nepal causing big damage injuries get httpAddress	0
httpAddress proudly supports seva foundation httpAddress	1
rt usrId everyone there was appreciating the indian government mj akbar on being rescued from nepal #earthquake httpAddress	1
rt usrId we re sending a charter plane w an inflatable hospital from bordeaux tomorrow #nepalearthquake httpAddress http	1
rt usrId the #nepalearthquake has devastated the httpAddress the children of nepal need your help urgently httpAddress httpAddress	1
scenes from #nepal look scary ! god bless them !	1
drinking water scarcity in kathmandu the kathmandu valley is undergoing a severe shortage of drinking .. httpAddress #nepal	0
rt usrId while here i am in sg complaining about the httpAddress my prayers are with you httpAddress #prayfornepal httpAddress	1
earthquake in nepal kills more than 1 400 causes avalanches on mt . everest destroys ancient temples a fierce httpAddress	0
families wait for word on #nepal missing ; D americans httpAddress httpAddress	1
heartbreaking and devastating httpAddress	1
rt usrId putrajaya moves to bring malaysians back from nepal today bernama httpAddress	1
rt usrId my dear friends i will be leaving for nepal in the next D days with a team of D medics and a httpAddress	1
difficult task for ems organizations in nepal they need all the help they can get ! #nepalearthquake #nepalquakerelief #nepal #ems2016	1
rt usrId indian army establishes DD bedded hospital at lagankhel nepal #nepalearthquake #opmaitri	1
death toll from nepal earthquake rises to more than 4 700 with more than 9 00 httpAddress httpAddress	1
nepals landmarks before and after the earthquake httpAddress	0
#bangladesh under14 girls #football team stranded in #nepalearthquake waiting to return home httpAddress httpAddress	0
rt usrId #nepalquake people in line for water httpAddress 4.2 mil urgently need water sanitation and health httpAddress httpAddress	1
rt usrId #nepalearthquake iaf helicopters are flying almost non stop since this httpAddress	1
raw man rescued from building in nepal httpAddress #news	1
no words to httpAddress httpAddress	0
person finding tool httpAddress #nepalearthquake usrId	1
rt usrId small mercies #nepalquake not on school day not on office day not at httpAddress it s not a lot but i ll take it .	1
rt usrId nepal quake bihar hospital pastes bhukamp stickers on injured removes after being exposed httpAddress	1
great initiative in the time of crisis d httpAddress	1
rt usrId great work by #ramcharan amp ; #chiranjeevi charitable trust with #apollo hospitals to send medical supplies to nepal ! http	1
rt usrId cnn earthquake slams nepal ; devastating loss of people history httpAddress	1
rt usrId aap s mombatti morcha to help victims of #nepalearthquake plate tectonics httpAddress httpAddress f ck my life httpAddress	1
#earthquake several buildings including ancient temples collapse in #kathmandu read httpAddress httpAddress	0
there s been a 7.8 earthquake in httpAddress it s very httpAddress prayers for them httpAddress	1
briton among nepal earthquake dead victim who was confirmed dead after searches by diplomatic staff httpAddress httpAddress gua	1
rt usrId indian government sending aid for #nepalquake httpAddress	1
don t expect much from the government buy water purifiers clean your surroundings wash your httpAddress help the you can #itsuptous #nepal	1
#nepal it is time to thank the tv news channels all the editors and reporters on ground zero amp ; desk continuously giving httpAddress i salute	1
images from #nepalquake via united nations development programme httpAddress	0
another useful #facility by #facebook to help people affected by #earthquake #earthquakenepal #disaster httpAddress	1
let s pray for everyone in nepal hope they will find their loved ones lt ;3	1
rt usrId reports quoting nepal police now say death toll rises to DD #nepalearthquake via usrId amp ; usrId httpAddress	1
rt usrId if you re looking for ways to help volunteers working in nepal and have a computer please contact us . plenty of ways to httpAddress	1
rt usrId amidst all the chaos please keep sharing stories of people who have been found in httpAddress hausla badhega aur kuch nahi httpAddress	1
rt usrId prayers for all the dead and missing in nepal ! please also keep the family of yann traboulsi in your httpAddress httpAddress	1
chpsre chpsre chpsre chpsre chpsre chpsre rt un earthquake survivors in nepal need your support httpAddress help wfp he httpAddress	1
note from nepal i didnt expect to receive this especially from nepal httpAddress #climatetracker #unfcc httpAddress	0
usrId usrId one c 130 with DD ndrf members 3 ton suppliesflown to kathmandu 3 more aircrafts with mobile hosp fly by evening	1
#prayfornepal hope everyone is safe f f f httpAddress	1
rt usrId terribly sad httpAddress usrId breaking nepal police say at least 1 130 dead in massive earthquake centered outside of kathmand	1
DD bodies retrieved from debris of nepal s historic tower httpAddress outlook wires	1
usrId rt usrId nepal rocked by magnitude 7.9 quake fatalities httpAddress may they find jesus httpAddress httpAddress	1